Review_Text,Sentiment
"The dog had surgery for a tumor. Recovery expected in two months, showing positive signs.",Positive
The dog has a mild case of conjunctivitis. Recovery within a week.,Positive
The dog had a viral infection. Recovered fully in two weeks.,Positive
The dog is suffering from chronic ear problems. No significant improvement after one month.,Negative
The dog had a minor surgery and is recovering well. Expected full recovery in a week.,Positive
The dog had a bad reaction to a flea treatment. Recovered within a few days.,Positive
"The dog had a mild case of mange. Recovery took three weeks, now fine.",Positive
The dog is suffering from gastritis. No significant improvement after two weeks.,Negative
"The dog had a severe case of pneumonia. Recovery took one month, now healthy.",Positive
The dog had a minor injury. Recovered fully within a few days.,Positive
The dog had a respiratory infection. Recovered fully in two weeks.,Positive
The dog is suffering from anxiety. No significant improvement after one month of treatment.,Negative
"The dog had a wound infection. Recovery took one week, now fully healed.",Positive
"The dog had surgery for a tumor. Recovery expected in two months, showing positive signs.",Positive
The dog has a mild case of conjunctivitis. Recovery within a week.,Positive
The dog had a viral infection. Recovered fully in two weeks.,Positive
The dog is suffering from chronic ear problems. No significant improvement after one month.,Negative
The dog had a minor surgery and is recovering well. Expected full recovery in a week.,Positive
The dog had a bad reaction to a flea treatment. Recovered within a few days.,Positive
"The dog had a mild case of mange. Recovery took three weeks, now fine.",Positive
The dog is suffering from gastritis. No significant improvement after two weeks.,Negative
"The dog had a severe case of pneumonia. Recovery took one month, now healthy.",Positive
The dog had a minor injury. Recovered fully within a few days.,Positive
The dog had a respiratory infection. Recovered fully in two weeks.,Positive
The dog is suffering from anxiety. No significant improvement after one month of treatment.,Negative
"The dog had a wound infection. Recovery took one week, now fully healed.",Positive
"The dog had surgery for a tumor. Recovery expected in two months, showing positive signs.",Positive
The dog has a mild case of conjunctivitis. Recovery within a week.,Positive
The dog had a viral infection. Recovered fully in two weeks.,Positive
The dog is suffering from chronic ear problems. No significant improvement after one month.,Negative
The dog had a minor surgery and is recovering well. Expected full recovery in a week.,Positive
The dog had a bad reaction to a flea treatment. Recovered within a few days.,Positive
"The dog had a mild case of mange. Recovery took three weeks, now fine.",Positive
The dog is suffering from gastritis. No significant improvement after two weeks.,Negative
"The dog had a severe case of pneumonia. Recovery took one month, now healthy.",Positive
The dog had a minor injury. Recovered fully within a few days.,Positive
The dog had a respiratory infection. Recovered fully in two weeks.,Positive
The dog is suffering from anxiety. No significant improvement after one month of treatment.,Negative
"The dog had a wound infection. Recovery took one week, now fully healed.",Positive
"The dog had surgery for a tumor. Recovery expected in two months, showing positive signs.",Positive
The dog has a mild case of conjunctivitis. Recovery within a week.,Positive
The dog had a viral infection. Recovered fully in two weeks.,Positive
The dog is suffering from chronic ear problems. No significant improvement after one month.,Negative
The dog had a minor surgery and is recovering well. Expected full recovery in a week.,Positive
The dog had a bad reaction to a flea treatment. Recovered within a few days.,Positive
"The dog had a mild case of mange. Recovery took three weeks, now fine.",Positive
The dog is suffering from gastritis. No significant improvement after two weeks.,Negative
"The dog had a severe case of pneumonia. Recovery took one month, now healthy.",Positive
The dog had a minor injury. Recovered fully within a few days.,Positive
The dog had a respiratory infection. Recovered fully in two weeks.,Positive
The dog is suffering from anxiety. No significant improvement after one month of treatment.,Negative
"The dog had a wound infection. Recovery took one week, now fully healed.",Positive
"The dog had surgery for a tumor. Recovery expected in two months, showing positive signs.",Positive
The dog has a mild case of conjunctivitis. Recovery within a week.,Positive
The dog had a viral infection. Recovered fully in two weeks.,Positive
The dog is suffering from chronic ear problems. No significant improvement after one month.,Negative
The dog had a minor surgery and is recovering well. Expected full recovery in a week.,Positive
The dog had a bad reaction to a flea treatment. Recovered within a few days.,Positive
"The dog had a mild case of mange. Recovery took three weeks, now fine.",Positive
The dog is suffering from gastritis. No significant improvement after two weeks.,Negative
"The dog had a severe case of pneumonia. Recovery took one month, now healthy.",Positive
The dog had a minor injury. Recovered fully within a few days.,Positive
The dog had a respiratory infection. Recovered fully in two weeks.,Positive
The dog is suffering from anxiety. No significant improvement after one month of treatment.,Negative
"The dog had a wound infection. Recovery took one week, now fully healed.",Positive
"The dog had surgery for a tumor. Recovery expected in two months, showing positive signs.",Positive
The dog has a mild case of conjunctivitis. Recovery within a week.,Positive
The dog had a viral infection. Recovered fully in two weeks.,Positive
The dog is suffering from chronic ear problems. No significant improvement after one month.,Negative
The dog had a minor surgery and is recovering well. Expected full recovery in a week.,Positive
The dog had a bad reaction to a flea treatment. Recovered within a few days.,Positive
"The dog had a mild case of mange. Recovery took three weeks, now fine.",Positive
The dog is suffering from gastritis. No significant improvement after two weeks.,Negative
"The dog had a severe case of pneumonia. Recovery took one month, now healthy.",Positive
The dog had a minor injury. Recovered fully within a few days.,Positive
The dog had a respiratory infection. Recovered fully in two weeks.,Positive
The dog is suffering from anxiety. No significant improvement after one month of treatment.,Negative
"The dog had a wound infection. Recovery took one week, now fully healed.",Positive
"The dog had surgery for a tumor. Recovery expected in two months, showing positive signs.",Positive
The dog has a mild case of conjunctivitis. Recovery within a week.,Positive
The dog had a viral infection. Recovered fully in two weeks.,Positive
The dog is suffering from chronic ear problems. No significant improvement after one month.,Negative
The dog had a minor surgery and is recovering well. Expected full recovery in a week.,Positive
The dog had a bad reaction to a flea treatment. Recovered within a few days.,Positive
"The dog had a mild case of mange. Recovery took three weeks, now fine.",Positive
The dog is suffering from gastritis. No significant improvement after two weeks.,Negative
"The dog had a severe case of pneumonia. Recovery took one month, now healthy.",Positive
The dog had a minor injury. Recovered fully within a few days.,Positive
The dog had a respiratory infection. Recovered fully in two weeks.,Positive
The dog is suffering from anxiety. No significant improvement after one month of treatment.,Negative
"The dog had a wound infection. Recovery took one week, now fully healed.",Positive
"The dog had surgery for a tumor. Recovery expected in two months, showing positive signs.",Positive
The dog has a mild case of conjunctivitis. Recovery within a week.,Positive
The dog had a viral infection. Recovered fully in two weeks.,Positive
The dog is suffering from chronic ear problems. No significant improvement after one month.,Negative
The dog had a minor surgery and is recovering well. Expected full recovery in a week.,Positive
The dog had a bad reaction to a flea treatment. Recovered within a few days.,Positive
"The dog had a mild case of mange. Recovery took three weeks, now fine.",Positive
The dog is suffering from gastritis. No significant improvement after two weeks.,Negative
"The dog had a severe case of pneumonia. Recovery took one month, now healthy.",Positive
The dog had a minor injury. Recovered fully within a few days.,Positive
The dog had a respiratory infection. Recovered fully in two weeks.,Positive
The dog is suffering from anxiety. No significant improvement after one month of treatment.,Negative
"The dog had a wound infection. Recovery took one week, now fully healed.",Positive
"The dog had surgery for a tumor. Recovery expected in two months, showing positive signs.",Positive
The dog has a mild case of conjunctivitis. Recovery within a week.,Positive
The dog had a viral infection. Recovered fully in two weeks.,Positive
The dog is suffering from chronic ear problems. No significant improvement after one month.,Negative
The dog had a minor surgery and is recovering well. Expected full recovery in a week.,Positive
The dog had a bad reaction to a flea treatment. Recovered within a few days.,Positive
"The dog had a mild case of mange. Recovery took three weeks, now fine.",Positive
The dog is suffering from gastritis. No significant improvement after two weeks.,Negative
"The dog had a severe case of pneumonia. Recovery took one month, now healthy.",Positive
The dog had a minor injury. Recovered fully within a few days.,Positive
The dog had a respiratory infection. Recovered fully in two weeks.,Positive
The dog is suffering from anxiety. No significant improvement after one month of treatment.,Negative
"The dog had a wound infection. Recovery took one week, now fully healed.",Positive
"The dog had surgery for a tumor. Recovery expected in two months, showing positive signs.",Positive
The dog has a mild case of conjunctivitis. Recovery within a week.,Positive
The dog had a viral infection. Recovered fully in two weeks.,Positive
The dog is suffering from chronic ear problems. No significant improvement after one month.,Negative
The dog had a minor surgery and is recovering well. Expected full recovery in a week.,Positive
The dog had a bad reaction to a flea treatment. Recovered within a few days.,Positive
"The dog had a mild case of mange. Recovery took three weeks, now fine.",Positive
The dog is suffering from gastritis. No significant improvement after two weeks.,Negative
"The dog had a severe case of pneumonia. Recovery took one month, now healthy.",Positive
The dog had a minor injury. Recovered fully within a few days.,Positive
The dog had a respiratory infection. Recovered fully in two weeks.,Positive
The dog is suffering from anxiety. No significant improvement after one month of treatment.,Negative
"The dog had a wound infection. Recovery took one week, now fully healed.",Positive
"The dog had surgery for a tumor. Recovery expected in two months, showing positive signs.",Positive
The dog has a mild case of conjunctivitis. Recovery within a week.,Positive
The dog had a viral infection. Recovered fully in two weeks.,Positive
The dog is suffering from chronic ear problems. No significant improvement after one month.,Negative
The dog had a minor surgery and is recovering well. Expected full recovery in a week.,Positive
The dog had a bad reaction to a flea treatment. Recovered within a few days.,Positive
"The dog had a mild case of mange. Recovery took three weeks, now fine.",Positive
The dog is suffering from gastritis. No significant improvement after two weeks.,Negative
The dog has parvovirus but is recovering well within a week. Positive signs of improvement.,Positive
"The dog is suffering from hip dysplasia, and the recovery is expected to take three months. No improvement yet.",Negative
The dog had a minor infection and recovered fully within a few days. Back to its playful self.,Positive
The dog has a severe case of kennel cough. Requires intensive treatment but showing signs of improvement.,Positive
"The dog had a fracture. Recovery took two months, but now back to normal activities.",Positive
The dog suffered from an ear infection and responded well to antibiotics. Fully recovered.,Positive
The dog had a severe allergic reaction. Recovered completely with prompt medical care.,Positive
The dog was diagnosed with arthritis. Symptoms managed with medication and lifestyle changes.,Positive
The dog has a urinary tract infection and is responding well to antibiotics. Expected recovery soon.,Positive
The dog had a viral infection and recovered within a week. No lasting effects observed.,Positive
The dog suffered from heatstroke but recovered fully after immediate treatment. Positive outcome.,Positive
The dog is undergoing physical therapy for muscle strain. Showing improvement with each session.,Positive
The dog was diagnosed with a gastrointestinal disorder. Response to treatment is positive.,Positive
The dog had a biopsy to confirm a tumor. Awaiting surgery date.,Neutral
"The dog came in for a broken leg. Surgery was a success, and the dog is recovering well.",Positive
The dog has been diagnosed with diabetes. We will be starting medication and monitoring blood sugar levels.,Neutral
The dog had a laceration on its paw. We sutured the wound and prescribed antibiotics.,Positive
The dog has been vomiting and has diarrhea. We are running tests to determine the cause.,Negative
The dog has fleas and ticks. We will be starting a parasite prevention medication.,Neutral
The dog has ear mites. We have prescribed ear medication.,Positive
The dog has been diagnosed with arthritis. We will be starting pain medication and physiotherapy.,Neutral
The dog came in for a routine checkup. The dog is healthy and up-to-date on vaccinations.,Positive
The dog has been coughing and lethargic. X-rays revealed pneumonia. The dog will be placed on antibiotics.,Negative
The dog ingested a foreign object. Surgery was required to remove the object.,Neutral
The dog has been diagnosed with cancer. Treatment options will be discussed with the owner.,Negative
The dog has a skin mass. A biopsy will be performed to determine if the mass is cancerous.,Neutral
The dog has been diagnosed with a urinary tract infection. The dog will be placed on antibiotics.,Positive
The dog has severe dental disease. Dental cleaning and extractions are recommended.,Neutral
The dog has anxiety. We will be discussing medication and behavior modification techniques with the owner.,Neutral
The dog is obese. A weight loss plan will be discussed with the owner.,Neutral
The dog has been diagnosed with heart disease. We will be starting medication and monitoring the dog's condition.,Neutral
The dog has been diagnosed with Cushing's disease. Treatment options will be discussed with the owner.,Negative
The dog had a biopsy to confirm a tumor. Awaiting surgery date.,Neutral
"The dog came in for a broken leg. Surgery was a success, and the dog is recovering well.",Positive
The dog has been diagnosed with diabetes. We will be starting medication and monitoring blood sugar levels.,Neutral
The dog had a laceration on its paw. We sutured the wound and prescribed antibiotics.,Positive
The dog has been vomiting and has diarrhea. We are running tests to determine the cause.,Negative
The dog has fleas and ticks. We will be starting a parasite prevention medication.,Neutral
The dog has ear mites. We have prescribed ear medication.,Positive
The dog has been diagnosed with arthritis. We will be starting pain medication and physiotherapy.,Neutral
The dog came in for a routine checkup. The dog is healthy and up-to-date on vaccinations.,Positive
The dog has been coughing and lethargic. X-rays revealed pneumonia. The dog will be placed on antibiotics.,Negative
The dog ingested a foreign object. Surgery was required to remove the object.,Neutral
The dog has been diagnosed with cancer. Treatment options will be discussed with the owner.,Negative
The dog has a skin mass. A biopsy will be performed to determine if the mass is cancerous.,Neutral
The dog has been diagnosed with a urinary tract infection. The dog will be placed on antibiotics.,Positive
The dog has parvovirus but is recovering well within a week. Positive signs of improvement.,Positive
"The dog is suffering from hip dysplasia, and the recovery is expected to take three months. No improvement yet.",Negative
The dog had a minor infection and recovered fully in a week. Excellent response to treatment.,Positive
The dog has a severe case of kennel cough. Recovery expected in two months but showing signs of improvement.,Positive
"The dog's condition with diabetes is stable, but monitoring will be required over the next month.",Neutral
"The dog had a fracture. Recovery took two months, and the dog is now active and healthy.",Positive
The dog has a chronic skin condition. Slight improvement noted in the first month.,Neutral
The dog suffered from an ear infection and recovered well within a week. Responded very positively to treatment.,Positive
"The dog is being treated for a heart condition, and recovery is slow. Monitoring over the next three months is necessary.",Neutral
"The dog had a severe allergic reaction. Recovery took one month, but the dog is now fine.",Positive
The dog was diagnosed with arthritis. Symptoms have improved after three months of treatment.,Positive
The dog is recovering from surgery for a torn ligament. Full recovery expected in two months.,Neutral
The dog has a urinary tract infection and is responding well to treatment within the first week.,Positive
The dog had a viral infection and recovered within three weeks. Very good recovery.,Positive
The dog has liver disease. Some improvement seen over two months.,Neutral
"The dog had a tooth extraction. Recovery was quick, within a week.",Positive
"The dog is suffering from Lyme disease. Recovery is ongoing, expected to be three months.",Neutral
The dog has a severe gastrointestinal issue. Some recovery noted in the first month.,Neutral
The dog has epilepsy. Condition stable after two months of medication.,Neutral
The dog had surgery for a tumor. Recovery expected in three months. Slight improvement noted.,Neutral
The dog had a respiratory infection. Recovery took two weeks. Good response to treatment.,Positive
"The dog has a fungal infection. Recovery is slow, expected to take two months.",Neutral
The dog is suffering from pancreatitis. Significant improvement within the first month.,Positive
The dog had a tick-borne disease. Recovery took two months and was successful.,Positive
The dog has an autoimmune disease. Recovery is slow and will be monitored over three months.,Neutral
The dog had an injury from an accident. Recovery took one month and is doing well.,Positive
The dog has been diagnosed with cancer. Treatment options will be discussed with the owner.,Negative
The dog has a skin mass. A biopsy will be performed to determine if the mass is cancerous.,Neutral
The dog has been diagnosed with a urinary tract infection. The dog will be placed on antibiotics.,Positive
The dog has severe dental disease. Dental cleaning and extractions are recommended.,Neutral
The dog has anxiety. We will be discussing medication and behavior modification techniques with the owner.,Neutral
The dog is obese. A weight loss plan will be discussed with the owner.,Neutral
The dog has been diagnosed with heart disease. We will be starting medication and monitoring the dog's condition.,Neutral
The dog has been diagnosed with Cushing's disease. Treatment options will be discussed with the owner.,Negative
The dog had a biopsy to confirm a tumor. Awaiting surgery date.,Neutral
"The dog came in for a broken leg. Surgery was a success, and the dog is recovering well.",Positive
The dog has been diagnosed with diabetes. We will be starting medication and monitoring blood sugar levels.,Neutral
The dog had a laceration on its paw. We sutured the wound and prescribed antibiotics.,Positive
The dog has been vomiting and has diarrhea. We are running tests to determine the cause.,Negative
The dog has fleas and ticks. We will be starting a parasite prevention medication.,Neutral
The dog has ear mites. We have prescribed ear medication.,Positive
The dog has been diagnosed with arthritis. We will be starting pain medication and physiotherapy.,Neutral
The dog came in for a routine checkup. The dog is healthy and up-to-date on vaccinations.,Positive
"urgery for a tumor. Recovery expected in two months, showing positive signs.",Positive
The dog has a mild case of conjunctivitis. Recovery within a week.,Positive
The dog had a viral infection. Recovered fully in two weeks.,Positive
The dog is suffering from chronic ear problems. No significant improvement after one month.,Negative
The dog had a minor surgery and is recovering well. Expected full recovery in a week.,Positive
The dog had a bad reaction to a flea treatment. Recovered within a few days.,Positive
"The dog had a mild case of mange. Recovery took three weeks, now fine.",Positive
The dog is suffering from gastritis. No significant improvement after two weeks.,Negative
"The dog had a severe case of pneumonia. Recovery took one month, now healthy.",Positive
The dog had a minor injury. Recovered fully within a few days.,Positive
The dog had a respiratory infection. Recovered fully in two weeks.,Positive
The dog is suffering from anxiety. No significant improvement after one month of treatment.,Negative
"The dog had a wound infection. Recovery took one week, now fully healed.",Positive
The dog has parvovirus but is recovering well within a week. Positive signs of improvement.,Positive
"The dog is suffering from hip dysplasia, and the recovery is expected to take three months. No improvement yet.",Negative
The dog had a minor infection and recovered fully within a few days. Back to its playful self.,Positive
The dog has a severe case of kennel cough. Requires intensive treatment but showing signs of improvement.,Positive
"The dog had a fracture. Recovery took two months, but now back to normal activities.",Positive
The dog suffered from an ear infection and responded well to antibiotics. Fully recovered.,Positive
The dog had a severe allergic reaction. Recovered completely with prompt medical care.,Positive
The dog was diagnosed with arthritis. Symptoms managed with medication and lifestyle changes.,Positive
The dog has a urinary tract infection and is responding well to antibiotics. Expected recovery soon.,Positive
The dog had a viral infection and recovered within a week. No lasting effects observed.,Positive
The dog suffered from heatstroke but recovered fully after immediate treatment. Positive outcome.,Positive
The dog is undergoing physical therapy for muscle strain. Showing improvement with each session.,Positive
The dog was diagnosed with a gastrointestinal disorder. Response to treatment is positive.,Positive
The dog had a biopsy to confirm a tumor. Awaiting surgery date.,Neutral
"The dog came in for a broken leg. Surgery was a success, and the dog is recovering well.",Positive
The dog has been diagnosed with diabetes. We will be starting medication and monitoring blood sugar levels.,Neutral
The dog had a laceration on its paw. We sutured the wound and prescribed antibiotics.,Positive
The dog has been vomiting and has diarrhea. We are running tests to determine the cause.,Negative
The dog has fleas and ticks. We will be starting a parasite prevention medication.,Neutral
The dog has ear mites. We have prescribed ear medication.,Positive
The dog has been diagnosed with arthritis. We will be starting pain medication and physiotherapy.,Neutral
The dog came in for a routine checkup. The dog is healthy and up-to-date on vaccinations.,Positive
The dog has been coughing and lethargic. X-rays revealed pneumonia. The dog will be placed on antibiotics.,Negative
The dog ingested a foreign object. Surgery was required to remove the object.,Neutral
The dog has been diagnosed with cancer. Treatment options will be discussed with the owner.,Negative
The dog has a skin mass. A biopsy will be performed to determine if the mass is cancerous.,Neutral
The dog has been diagnosed with a urinary tract infection. The dog will be placed on antibiotics.,Positive
The dog has severe dental disease. Dental cleaning and extractions are recommended.,Neutral
The dog has anxiety. We will be discussing medication and behavior modification techniques with the owner.,Neutral
The dog is obese. A weight loss plan will be discussed with the owner.,Neutral
The dog has been diagnosed with heart disease. We will be starting medication and monitoring the dog's condition.,Neutral
The dog has been diagnosed with Cushing's disease. Treatment options will be discussed with the owner.,Negative
The dog had a biopsy to confirm a tumor. Awaiting surgery date.,Neutral
"The dog came in for a broken leg. Surgery was a success, and the dog is recovering well.",Positive
The dog has been diagnosed with diabetes. We will be starting medication and monitoring blood sugar levels.,Neutral
The dog had a laceration on its paw. We sutured the wound and prescribed antibiotics.,Positive
The dog has been vomiting and has diarrhea. We are running tests to determine the cause.,Negative
The dog has fleas and ticks. We will be starting a parasite prevention medication.,Neutral
The dog has ear mites. We have prescribed ear medication.,Positive
The dog has been diagnosed with arthritis. We will be starting pain medication and physiotherapy.,Neutral
The dog came in for a routine checkup. The dog is healthy and up-to-date on vaccinations.,Positive
The dog had mild signs of recovery and is expected to be fully healed in a few weeks.,Positive
There are no significant problems with the dog's viral infection; recovery is expected.,Neutral
"The dog's chronic anxiety is severe, and the reaction to treatment has been bad.",Negative
The dog had surgery last month and is showing positive signs of recovery.,Positive
The treatment for the dog's viral infection is going well; expected recovery is soon.,Positive
The dog's severe case of conjunctivitis is not showing significant signs of improvement.,Negative
"The dog had a mild viral infection, and recovery is expected to be fine.",Positive
The chronic problems with the dog's health are causing significant anxiety.,Negative
The treatment for the dog's injury is expected to be positive; recovery signs are good.,Positive
The dog had no significant issues post-surgery; recovery signs are well.,Positive
The dog's bad reaction to the treatment caused further problems.,Negative
The viral infection treatment went well; the dog is expected to be fully healed.,Positive
The dog's anxiety has been severe and the reaction to the new treatment is not positive.,Negative
The dog had mild surgery last week and is showing fine signs of recovery.,Positive
The severe chronic problems are causing the dog significant suffering.,Negative
The treatment for the dog's viral infection is going well and expected to be positive.,Positive
"The dog had a bad reaction to the treatment, causing severe anxiety.",Negative
The chronic infection is not showing any significant signs of recovery.,Negative
The treatment is going fine and the dog is expected to be fully healthy soon.,Positive
The dog's severe anxiety is causing problems with the treatment process.,Negative
The dog had surgery last week and is showing positive signs of recovery.,Positive
The chronic viral infection is causing the dog significant problems.,Negative
The dog's mild infection is expected to be fully healed in a few days.,Positive
The dog's significant problems are causing severe anxiety and suffering.,Negative
"The viral infection treatment has gone well, and the dog is showing positive signs.",Positive
The dog's chronic suffering has led to severe anxiety.,Negative
The mild case of conjunctivitis is expected to heal well with treatment.,Positive
"The viral infection caused no significant problems, and the recovery signs are good.",Neutral
"The dog had a bad reaction to the surgery, causing severe problems.",Negative
"The dog's mild viral infection is being treated well, with positive signs of recovery.",Positive
The treatment is going well; the dog is expected to be fully healed soon.,Positive
The dog's significant suffering due to chronic issues is causing severe anxiety.,Negative
"The viral infection is being treated well, with expected positive recovery.",Positive
"The dog's surgery last week went well, and positive signs of recovery are evident.",Positive
The dog's mild case of conjunctivitis is showing signs of full recovery.,Positive
"The dog's chronic suffering is severe, with significant anxiety and problems.",Negative
"The dog had a mild reaction to the treatment, showing signs of improvement.",Positive
The severe case of conjunctivitis is causing the dog significant suffering.,Negative
The dog had surgery last month and is expected to be fully healed soon.,Positive
The treatment for the viral infection is expected to result in a full recovery.,Positive
The dog's severe reaction to the treatment is causing significant problems.,Negative
"The mild viral infection is being treated well, with signs of full recovery.",Positive
The chronic issues are causing significant problems for the dog.,Negative
"The dog's surgery went well, and signs of recovery are positive.",Positive
"The chronic infection is not improving, causing severe anxiety.",Negative
"The dog's viral infection is being treated well, with expected positive results.",Positive
The severe anxiety is causing significant problems with the treatment.,Negative
"The dog's surgery was successful, and recovery is expected to be positive.",Positive
The chronic issues are causing severe suffering and anxiety for the dog.,Negative
"The viral infection treatment is going well, with expected full recovery.",Positive
The dog's significant problems are causing severe anxiety and suffering.,Negative
he dog had mild signs of recovery and is expected to be fully healed in a few weeks.,Positive
There are no significant problems with the dog's viral infection; recovery is expected.,Neutral
"The dog's chronic anxiety is severe, and the reaction to treatment has been bad.",Negative
The dog had surgery last month and is showing positive signs of recovery.,Positive
The treatment for the dog's viral infection is going well; expected recovery is soon.,Positive
The dog's severe case of conjunctivitis is not showing significant signs of improvement.,Negative
"The dog had a mild viral infection, and recovery is expected to be fine.",Positive
The chronic problems with the dog's health are causing significant anxiety.,Negative
The treatment for the dog's injury is expected to be positive; recovery signs are good.,Positive
The dog had no significant issues post-surgery; recovery signs are well.,Positive
The dog's bad reaction to the treatment caused further problems.,Negative
The viral infection treatment went well; the dog is expected to be fully healed.,Positive
The dog's anxiety has been severe and the reaction to the new treatment is not positive.,Negative
The dog had mild surgery last week and is showing fine signs of recovery.,Positive
The severe chronic problems are causing the dog significant suffering.,Negative
The treatment for the dog's viral infection is going well and expected to be positive.,Positive
"The dog had a bad reaction to the treatment, causing severe anxiety.",Negative
The chronic infection is not showing any significant signs of recovery.,Negative
The treatment is going fine and the dog is expected to be fully healthy soon.,Positive
The dog's severe anxiety is causing problems with the treatment process.,Negative
The dog had surgery last week and is showing positive signs of recovery.,Positive
The chronic viral infection is causing the dog significant problems.,Negative
The dog's mild infection is expected to be fully healed in a few days.,Positive
The dog's significant problems are causing severe anxiety and suffering.,Negative
"The viral infection treatment has gone well, and the dog is showing positive signs.",Positive
The dog's chronic suffering has led to severe anxiety.,Negative
The mild case of conjunctivitis is expected to heal well with treatment.,Neutral
"The viral infection caused no significant problems, and the recovery signs are good.",Neutral
"The dog had a bad reaction to the surgery, causing severe problems.",Negative
"The dog's mild viral infection is being treated well, with positive signs of recovery.",Positive
The treatment is going well; the dog is expected to be fully healed soon.,Positive
The dog's significant suffering due to chronic issues is causing severe anxiety.,Negative
"The viral infection is being treated well, with expected positive recovery.",Positive
"The dog's surgery last week went well, and positive signs of recovery are evident.",Positive
The dog's mild case of conjunctivitis is showing signs of full recovery.,Neutral
"The dog's chronic suffering is severe, with significant anxiety and problems.",Negative
"The dog had a mild reaction to the treatment, showing signs of improvement.",Positive
The severe case of conjunctivitis is causing the dog significant suffering.,Negative
The dog had surgery last month and is expected to be fully healed soon.,Positive
The treatment for the viral infection is expected to result in a full recovery.,Positive
The dog's severe reaction to the treatment is causing significant problems.,Negative
"The mild viral infection is being treated well, with signs of full recovery.",Positive
The chronic issues are causing significant problems for the dog.,Negative
"The dog's surgery went well, and signs of recovery are positive.",Positive
"The chronic infection is not improving, causing severe anxiety.",Negative
"The dog's viral infection is being treated well, with expected positive results.",Positive
The severe anxiety is causing significant problems with the treatment.,Negative
"The dog's surgery was successful, and recovery is expected to be positive.",Positive
The chronic issues are causing severe suffering and anxiety for the dog.,Negative
"The viral infection treatment is going well, with expected full recovery.",Positive
The dog's significant problems are causing severe anxiety and suffering.,Negative
"The dog had surgery last week, and the recovery process is ongoing.",Neutral
The dog's mild viral infection is under control with the current treatment.,Neutral
The dog had a viral infection and underwent treatment for a month.,Neutral
The dog's mild case of conjunctivitis is being monitored by the vet.,Neutral
"The dog had mild surgery last month, and regular check-ups are being done.",Neutral
The treatment for the dog's viral infection includes medication and rest.,Neutral
The dog had a viral infection and was treated with antibiotics.,Neutral
The dog's recovery is progressing very well.,Positive
The treatment is showing amazing results.,Positive
"Wow, the dog's health has improved significantly!",Positive
This is good progress; keep it up.,Positive
The dog's recovery is very good; we're impressed.,Positive
There are no signs of recovery; it's very tough.,Negative
The situation is dangerous; the dog's health is not good.,Negative
Chronic problems are causing suffering to the dog.,Negative
There are significant issues with the treatment plan.,Negative
It's bad news; the dog's condition is very bad.,Negative
The dog's recovery is progressing very well.,Positive
The treatment is showing amazing results.,Positive
"Wow, the dog's health has improved significantly!",Positive
This is good progress; keep it up.,Positive
The dog's recovery is very good; we're impressed.,Positive
The dog's recovery is making excellent progress.,Positive
The treatment has produced remarkable results.,Positive
Incredible improvement in the dog's health!,Positive
Excellent progress; let's continue this momentum.,Positive
The dog's recovery is outstanding; we're amazed.,Positive
There are no signs of recovery; it's very tough.,Negative
The situation is dangerous; the dog's health is not good.,Negative
Chronic problems are causing suffering to the dog.,Negative
There are significant issues with the treatment plan.,Negative
It's bad news; the dog's condition is very bad.,Negative
"Unfortunately, there's been no improvement in the dog's recovery; it's very tough.",Negative
The situation is critical; the dog's health is declining.,Negative
Persistent chronic issues are causing severe suffering.,Negative
The treatment plan has encountered significant problems.,Negative
"Sadly, the news about the dog's condition is very bad.",Negative
The dog's recovery is progressing very well.,Positive
The treatment is showing amazing results.,Positive
"Wow, the dog's health has improved significantly!",Positive
This is good progress; keep it up.,Positive
The dog's recovery is very good; we're impressed.,Positive
The dog's recovery is making excellent progress.,Positive
The treatment has produced remarkable results.,Positive
Incredible improvement in the dog's health!,Positive
Excellent progress; let's continue this momentum.,Positive
The dog's recovery is outstanding; we're amazed.,Positive
There are no signs of recovery; it's very tough.,Negative
The situation is dangerous; the dog's health is not good.,Negative
Chronic problems are causing suffering to the dog.,Negative
There are significant issues with the treatment plan.,Negative
It's bad news; the dog's condition is very bad.,Negative
"Unfortunately, there's been no improvement in the dog's condition; it's concerning.",Negative
The treatment hasn't been effective; the dog's health is deteriorating.,Negative
Severe complications have arisen; the situation is critical.,Negative
Chronic issues persist; the dog is experiencing significant discomfort.,Negative
The prognosis is grim; the dog's condition is worsening.,Negative
There's been a setback in the treatment; the dog's health is declining.,Negative
Serious complications have emerged; the outlook is bleak.,Negative
The treatment plan has failed; the dog's condition is dire.,Negative
The dog's health hasn't improved; the situation is discouraging.,Negative
The recovery process has stalled; there's no progress.,Negative
The dog's condition is not improving; it's distressing.,Negative
Chronic pain continues to afflict the dog; the situation is grave.,Negative
There's been a regression in the dog's health; it's disheartening.,Negative
The treatment's side effects are severe; the dog is suffering.,Negative
The outlook is negative; there's little improvement in the dog's health.,Negative
The dog's health is deteriorating rapidly; it's alarming.,Negative
The chronic illness is taking a toll; the dog is in pain.,Negative
The treatment hasn't alleviated the symptoms; the situation is bleak.,Negative
The dog's condition is worsening; the prognosis is poor.,Negative
Persistent problems with no resolution; the situation is dire.,Negative
The dog's recovery is on track; we're optimistic.,Positive
Impressive progress in the dog's health; recovery is evident.,Positive
The treatment is working wonders; the dog is improving.,Positive
Encouraging signs of recovery; the dog is responding well.,Positive
The dog's health is steadily improving; recovery is expected soon.,Positive
Recovery progress is steady; the dog is showing resilience.,Positive
The treatment plan is effective; the dog is getting better.,Positive
Positive feedback on the dog's recovery; everything is going well.,Positive
The dog's recovery is remarkable; we're pleased with the progress.,Positive
The treatment has been successful; the dog's health is improving.,Positive
No improvement in the dog's condition; it's concerning.,Negative
The situation is critical; the dog's health is deteriorating.,Negative
Chronic issues persist; the dog is in discomfort.,Negative
The prognosis is poor; the dog's condition is worsening.,Negative
The treatment has failed; the dog's condition is dire.,Negative
No signs of recovery; it's a tough situation.,Negative
The dog's health hasn't improved; it's discouraging.,Negative
The recovery process has stalled; there's no progress.,Negative
The chronic illness is severe; the dog is suffering.,Negative
Serious complications have emerged; the outlook is bleak.,Negative
The treatment isn't working; the dog's health is declining.,Negative
The dog's condition is worsening; it's distressing.,Negative
The chronic pain is unbearable; the dog is in agony.,Negative
The treatment's side effects are severe; the dog is struggling.,Negative
The outlook is negative; there's little hope for improvement.,Negative
The dog's health is deteriorating rapidly; urgent action is needed.,Negative
The chronic illness is debilitating; the dog's suffering is evident.,Negative
No improvement in the dog's health; the situation is dire.,Negative
The treatment hasn't helped; the dog's condition is critical.,Negative
The dog's recovery is uncertain; there are complications.,Neutral
The situation requires careful monitoring; the dog's health is stable.,Neutral
The dog's health status is unknown; further tests are needed.,Neutral
The recovery process is ongoing; progress is slow but steady.,Neutral
The treatment outcome is unclear; more time is needed to assess.,Neutral
The dog's condition is unchanged; there's no improvement or decline.,Neutral
The recovery timeline is uncertain; it's a wait-and-see situation.,Neutral
The dog's health is stable; there are no immediate concerns.,Neutral
The treatment plan is under review; adjustments may be necessary.,Neutral
The dog's response to treatment is inconclusive; more observations are required.,Neutral
The recovery journey is challenging; it's a day-by-day process.,Neutral
The situation is under control; monitoring continues.,Neutral
The dog's health is being closely monitored; updates will follow.,Neutral
The recovery path is unpredictable; every day brings new developments.,Neutral
The treatment approach is cautious; progress is monitored closely.,Neutral
The dog's condition is stable; there are no immediate changes.,Neutral
The recovery outlook is uncertain; ongoing assessment is essential.,Neutral
The treatment plan is being evaluated; decisions will be made soon.,Neutral
The dog's recovery is progressing steadily; signs are positive.,Positive
Encouraging signs of improvement; the dog's health is improving.,Positive
Recovery is expected soon; the dog's condition is stabilizing.,Positive
Positive feedback on the treatment; the dog is responding well.,Positive
